<?xml version="1.0" encoding="utf-8" ?>
<Sprites>

    <NeedleEntity path="danger/AletrisSandbox/NeedleEntity/" start="idle">
		<Justify x="0.5" y="0.5"/>
        <Loop id="idle" path="needle" delay="0.1"/>
    </NeedleEntity>

    <MiniNeedleEntity path="danger/AletrisSandbox/NeedleEntity/" start="idle">
		<Justify x="0.5" y="0.5"/>
        <Loop id="idle" path="mini" delay="0.1"/>
    </MiniNeedleEntity>

    <CherryEntity path="danger/AletrisSandbox/CherryEntity/" start="idle">
        <Loop id="idle" path="idle" delay="0.5"/>
    </CherryEntity>

    <CherryEntityBig path="danger/AletrisSandbox/CherryEntity/" start="idle">
		<Loop id="idle" path="bigidle" delay="0.5"/>
    </CherryEntityBig>

    <DeathCubeEntity path="danger/AletrisSandbox/DeathCubeEntity/" start="idle">
		<Center/>
		<Loop id="idle" path="idle" delay="0.1"/>
    </DeathCubeEntity>

    <InteractiveEntity path="characters/AletrisSandbox/InteractiveEntity/" start="sunnyIdle">
		<Center/>
		<Loop id="sunnyIdle" path="sunny/idle" delay="0.5" frames="0-4" />
		<Loop id="sunnyPetting" path="sunny/pet" delay="0.25" frames="0-10" />
		<Loop id="birdIdle" path="bird/crow" delay="0" frames="0-47" />
		<Loop id="birdPetting" path="bird/pet" delay="0.25" frames="0-10" />
    </InteractiveEntity>

    <PlayerInteract path="characters/AletrisSandbox/InteractiveEntity/" start="plrPetting"> 
		<Origin x="22" y="24"/>
		<Loop id="plrPetting" path="playerAnims/petting" delay="0.25" frames="0-10"/>
    </PlayerInteract>
	
	<BlackHole path="AletrisSandbox/ModifiedBlackHole/" start="Blackhole"> 
		<Origin x="-0.5" y="-0.5"/>
		<Loop id="Blackhole" path="Blackhole" delay="0.1"/>
    </BlackHole>
	
	<BHAura path="AletrisSandbox/ModifiedBlackHole/" start="Aura"> 
		<Origin x="-0.5" y="-0.5"/>
		<Loop id="Aura" path="Aura" delay="0.1"/>
    </BHAura>
	
	<MouseController path="objects/AletrisSandbox/MouseController/" start="-"> 
		<Center/>
		<Loop id="-" path="idle" delay="0.1"/>
    </MouseController>
	
	<HitboxController path="objects/AletrisSandbox/HitboxController/" start="on"> 
		<Center/>
		<Loop id="on" path="catplushthebubble" delay="0.1"/>
		<Loop id="off" path="catplushthenuhble" delay="0.1"/>
    </HitboxController>
	
	<IWBTGun path="AletrisSandbox/gun/" start="-"> 
		<Loop id="-" path="gun" delay="0.1"/>
    </IWBTGun>
	
	<IWBTBullet path="AletrisSandbox/gun/" start="-"> 
		<Loop id="-" path="bullet" delay="0.1"/>
    </IWBTBullet>

	<IWBTCross path="AletrisSandbox/gun/" start="-"> 
		<Loop id="-" path="crosshair" delay="0.1"/>
    </IWBTCross>
	
	<BulletRedirector path="objects/AletrisSandbox/BulletRedirector/" start="idle"> 
		<Center/>
		<Loop id="idle" path="idle" delay="0"/>
		<Anim id="active" path="active" delay="0.05"/>
    </BulletRedirector>

</Sprites>